Designator,Footprint,Quantity,Value,LCSC Part #
"C1, C15, C16, C20, C21, C26, C29, C30, C31, C36, C37, C38, C41, C42, C44, C45, C46, C47, C48, C49, C50, C51, C52, C53, C54, C55, C60, C61, C66, C67, C68",0402,31,0.1u,
"C10, C7, C8, C9",0805,4,220n,
"C11, C2, C3, C5, C6",1206,5,4.7u,
"C12, C13, C14, C17, C39, C4, C43",0603,7,1u,
"C18, C19",0603,2,CFF,
"C22, C24, C35, C69, C70, C71",1210,6,10u,
"C23, C25, C27, C28, C32",1206,5,22u,
"C33, C34",0402,2,10p,
"C40, C56, C57, C58, C59, C62, C63, C64, C65",0402,9,10n,
CR1,Shottkey_Rev_Bat,1,B1100-13-F,
CR2,28V_TVS,1,SMBJ28A-13-F,
CR3,ESDPROTECTION,1,USBLC6-2SC6,USBLC6-2SC6 
CR4,SWD_1_TVS,1,SMLVT3V3,
CR5,SWD_4_TVS,1,ESDALC6V1W5,
"CR6, CR7, CR8, CR9",TVS_Input,4,SP1233-01ETG,
"D1, D12, D13, D14, D15, D16, D17, D18, D19, D2, D20, D21, D22, D23, D3, D4, D5, D8, D9",SD_ESD,19,TPD1E05U06DPYR,
"D10, D11, D6, D7",dual_shottkey,4,BAT54S,
F1,fuse,1,SF-1206S100-2,
J1,SolderWire-0.5sqmm_1x02_P4.6mm_D0.9mm_OD2.1mm_Relief,1,Conn_01x02,
"J10, J5, J7, J9",SolderWire-0.5sqmm_1x03_P4.6mm_D0.9mm_OD2.1mm_Relief,4,Conn_01x03,
"J11, J12, J13, J14",screw_terminal,4,1725656,
J15,PinSocket_1x08_P2.54mm_Vertical,1,Conn_01x08,
J2,3x2_Header,1,BCS-103-L-D-TE,
J3,PinSocket_1x04_P2.54mm_Vertical,1,UART1,
J4,PinSocket_1x04_P2.54mm_Vertical,1,UART3,
J6,USB,1,USB4105-GF-A-060,USB4105-GF-A-060 
J8,SD_Card,1,MEM2061-01-188-00-A_REVA,
"L1, L2",15uH_Inductor,2,XAL4040-153MEC,
"LED1, LED2, LED3, LED4",red_LED,4,LTST-C190KRKT,
"R1, R14, R15, R28, R29, R35, R42",0805,7,130,
"R10, R11, R2, R6",0402,4,100k,
"R12, R37, R38, R39, R40, R9",0402,6,10k,
R13,0603,1,400,PAT0603E4000BST1
"R16, R17, R18, R19, R20, R21",0402,6,22,
"R22, R23, R24, R27, R32, R33",0402,6,47k,
"R25, R26, R34, R41",1206,4,20,
"R3, R4",0603,2,5.1k,0603WAF5101T5E
"R30, R31, R36, R43",0402,4,4.7k,
"R44, R45, R46, R47, R48, R49, R50, R51, R52, R53, R54, R55, R56, R57, R58, R59, R60",0402,17,100,
R5,0402,1,7.15k,
R7,0402,1,43.2k,
R8,1206,1,1.3k,
SW1,SWITCH,1,RESET,
SW2,SWITCH,1,BOOT,
U1,3.3V_Buck,1,LMR36006BRNXR,
U2,15V_Buck,1,LMR36006CRNXT,
U3,STM32,1,STM32L496RGT6,
U4,PowerMUXER.,1,TPS2113APW,
U5,LDO,1,LP5912-3.3DRVR,LP5912-3.3DRVR 
"U6, U7, U8, U9",MAX,4,MAX31856MUD+,
Y1,Crystal_SMD_3225-4Pin_3.2x2.5mm,1,16MHz,
