Designator,Mid X,Mid Y,Rotation,Layer
C1,144.3,-55.47,270.0,top
C10,204.009997,-60.205001,180.0,top
C11,147.47,-54.095,90.0,top
C12,171.77,-63.39,0.0,top
C13,199.159997,-62.045001,270.0,top
C14,149.37,-54.32,90.0,top
C15,170.84,-61.29,90.0,top
C16,201.299997,-60.895001,0.0,top
C17,153.62,-54.935,90.0,top
C2,168.15,-57.945,90.0,top
C20,210.5,-54.08,180.0,top
C21,164.92,-52.28,270.0,top
C22,210.729997,-68.245001,180.0,top
C23,179.89,-51.2,270.0,top
C24,210.859997,-58.835001,180.0,top
C25,177.54,-51.205,270.0,top
C26,161.12,-96.059651,180.0,top
C27,166.725,-51.23,270.0,top
C28,169.08,-51.24,270.0,top
C29,155.44,-50.32,0.0,top
C3,204.155998,-68.6135,0.0,top
C30,158.23,-48.23,180.0,top
C31,153.03,-49.83,270.0,top
C32,151.34,-50.51,270.0,top
C33,159.08,-84.98,180.0,top
C34,161.35,-84.97,0.0,top
C35,173.34,-78.87,0.0,top
C36,172.87,-75.560001,0.0,top
C37,157.63,-77.650001,180.0,top
C38,171.93,-67.920001,0.0,top
C39,168.665,-81.2,0.0,top
C4,145.54,-54.91,90.0,top
C40,168.09,-79.96,0.0,top
C41,158.9,-78.99,180.0,top
C42,158.53,-66.83,180.0,top
C43,145.175,-82.33,0.0,top
C44,144.6,-81.09,0.0,top
C45,164.86,-83.31,270.0,top
C46,169.71,-83.31,270.0,top
C47,166.18,-83.31,270.0,top
C48,147.51,-107.61,0.0,top
C49,155.27,-107.61,0.0,top
C5,177.85,-58.585,90.0,top
C50,161.86,-107.61,0.0,top
C51,170.34,-107.64,0.0,top
C52,148.51,-98.612752,90.0,top
C53,156.75,-99.08,90.0,top
C54,162.84,-98.81,90.0,top
C55,171.96,-99.83,0.0,top
C56,142.59,-109.04,90.0,top
C57,147.58,-109.06,270.0,top
C58,150.47,-109.01,270.0,top
C59,155.29,-109.02,270.0,top
C6,204.609997,-57.985001,0.0,top
C60,145.01,-108.33,0.0,top
C61,152.88,-108.47,0.0,top
C62,157.58,-109.02,270.0,top
C63,162.39,-109.07,270.0,top
C64,165.06,-109.05,270.0,top
C65,169.89,-109.05,270.0,top
C66,159.99,-108.12,0.0,top
C67,167.48,-108.27,0.0,top
C68,167.95,-83.33,270.0,top
C69,199.47,-103.47,270.0,top
C7,170.34,-58.55,270.0,top
C70,199.5,-110.4,90.0,top
C71,189.88,-93.62,0.0,top
C8,175.669998,-59.184999,270.0,top
C9,203.555998,-66.4235,180.0,top
CR1,191.8528,-57.03,0.0,top
CR2,187.95,-64.62,270.0,top
CR3,146.03,-58.91,0.0,top
CR4,145.6947,-87.65,0.0,top
CR5,139.24,-94.75,270.0,top
CR6,165.59,-92.3925,0.0,top
CR7,180.7975,-93.77,0.0,top
CR8,170.06,-92.24,0.0,top
CR9,175.0525,-91.15,0.0,top
D1,155.48,-75.35,0.0,top
D10,171.67,-86.74,0.0,top
D11,176.6125,-85.19,0.0,top
D12,210.03,-104.9,0.0,top
D13,200.48,-106.91,270.0,top
D14,203.19,-104.89,180.0,top
D15,203.63,-109.67,180.0,top
D16,198.48,-106.97,90.0,top
D17,209.77,-109.67,0.0,top
D18,190.67,-76.35,180.0,top
D19,190.68,-74.01,180.0,top
D2,152.81,-81.65,270.0,top
D20,190.13,-91.38,180.0,top
D21,190.67,-79.0,180.0,top
D22,190.6775,-83.92,180.0,top
D23,190.69,-86.65,180.0,top
D3,167.12,-63.68,90.0,top
D4,163.99,-63.68,90.0,top
D5,155.475,-71.23,180.0,top
D6,166.44,-86.65,0.0,top
D7,182.4075,-88.61,0.0,top
D8,155.4825,-64.99,180.0,top
D9,155.4825,-68.12,180.0,top
F1,198.53,-57.04,180.0,top
J11,146.35,-114.5125,0.0,top
J12,152.44,-114.5125,0.0,top
J13,158.54,-114.5125,0.0,top
J14,164.63,-114.5125,0.0,top
J15,193.58,-81.1,0.0,top
J2,139.38,-88.08,90.0,top
J3,207.68,-102.5,270.0,top
J4,207.71,-107.31,270.0,top
J6,137.2,-58.45,270.0,top
J8,144.645,-72.79,270.0,top
L1,173.32,-52.565,90.0,top
L2,209.399998,-63.524999,0.0,top
LED1,152.9807,-57.27,0.0,top
LED2,207.25,-55.93,0.0,top
LED3,160.93,-53.3993,90.0,top
LED4,143.63,-52.44,180.0,top
R1,155.44,-56.65,90.0,top
R10,155.05,-51.32,0.0,top
R11,158.25,-47.25,180.0,top
R12,155.62,-93.85,270.0,top
R13,160.99,-57.56,90.0,top
R14,162.03,-50.92,0.0,top
R15,144.59,-49.46,90.0,top
R16,166.05,-63.8,90.0,top
R17,162.92,-63.8,90.0,top
R18,155.6025,-66.06,180.0,top
R19,155.59,-69.17,180.0,top
R2,199.24,-66.05,180.0,top
R20,155.5925,-73.29,180.0,top
R21,155.5925,-72.3,180.0,top
R22,155.5925,-74.28,180.0,top
R23,151.73,-81.5325,270.0,top
R24,168.19,-63.81,270.0,top
R25,167.63,-92.6625,270.0,top
R26,183.5575,-94.6125,270.0,top
R27,165.06,-63.8,270.0,top
R28,165.56,-89.38,0.0,top
R29,182.0175,-91.33,0.0,top
R3,145.87,-63.715,90.0,top
R30,167.76,-89.35,90.0,top
R31,184.2175,-91.35,90.0,top
R32,155.6025,-67.05,0.0,top
R33,155.5925,-70.16,0.0,top
R34,172.36,-92.74,270.0,top
R35,170.79,-89.45,0.0,top
R36,172.99,-89.44,90.0,top
R37,146.85,-98.18,270.0,top
R38,155.02,-98.23,270.0,top
R39,161.54,-98.1,270.0,top
R4,144.36,-63.72,90.0,top
R40,169.48,-98.29,270.0,top
R41,177.5175,-91.15,270.0,top
R42,176.0075,-87.86,0.0,top
R43,178.2075,-87.88,90.0,top
R44,143.58,-109.04,270.0,top
R45,146.44,-109.05,270.0,top
R46,151.45,-109.04,270.0,top
R47,154.31,-109.04,270.0,top
R48,158.56,-109.05,270.0,top
R49,161.42,-109.06,270.0,top
R5,199.399997,-64.585001,90.0,top
R50,166.05,-109.03,270.0,top
R51,168.91,-109.03,270.0,top
R52,208.02,-104.92,180.0,top
R53,205.22,-104.89,0.0,top
R54,205.66,-109.59,0.0,top
R55,207.74,-109.59,180.0,top
R56,190.7875,-77.42,180.0,top
R57,190.7975,-75.07,180.0,top
R58,190.7875,-80.06,180.0,top
R59,190.81,-84.98,180.0,top
R6,175.86,-63.32,270.0,top
R60,190.8,-87.73,180.0,top
R7,174.42,-63.3,180.0,top
R8,210.9,-55.99,0.0,top
R9,159.23,-96.059651,0.0,top
SW1,160.559999,-91.32,90.0,top
SW2,153.79,-88.66,90.0,top
U1,173.049999,-60.454999,0.0,top
U2,202.184998,-63.365,270.0,top
U3,164.71,-72.81,90.0,top
U4,158.354999,-53.819999,90.0,top
U5,151.514999,-54.939999,180.0,top
U6,145.53,-103.152752,90.0,top
U7,153.230001,-103.162752,90.0,top
U8,159.88,-103.02,90.0,top
U9,167.87,-103.182752,90.0,top
Y1,160.18,-82.7,0.0,top
